x_min,y_min,x_max,y_max,class_id
371.42449951171875,99.55097198486328,461.48663330078125,321.6146240234375,person
449.5313720703125,230.17494201660156,611.332763671875,451.04541015625,chair
1.602149486541748,223.74388122558594,121.1445083618164,469.8028259277344,chair
130.6978302001953,226.40611267089844,225.33419799804688,357.97119140625,chair
